cd6694facff0cd7695525a90cb1cba6b22db93247635c6098db4f205491d7155	EPIC-2E-J-Phase-A-observation-foundation.zip
e4437eb38e6e6c301dbcf614b1b1c22cf70412d60ca8cc858db53dafbc34c014	EPIC-2E-J-A-F-generation-state-honesty.zip
07c4ccc198155a0a6359a6e33bb71b14d0007a0150f1ec30c13aa5115865bb90	EPIC-2E-J-A-F2-final-generation-confirmation.zip
643bd4373deec3426063fc323ae2512049615b9993b5155e3a0eeaa0b1a045b4	EPIC-2E-J-A-F3-stale-memory-final.zip
68b557974f8cc18d84d2a7742afa73192d5134ca95a36b4a8bfda78ce891f417	EPIC-2E-J-Phase-B-reason-tags-session-summary.zip
3549e7fc061fb5389191d880ff0e9345127c5a90b770dd9f577aa692275ae920	EPIC-2E-J-B-F-reason-session-lifecycle.zip
874f1363375c826a3ab5d924b2d7f76a227de633d83a155d53d94ec49107a12d	EPIC-2E-J-B-F2-generation-handoff-final.zip
e424b81698dd0e82624d4e4b1f0eb175be96ae0323124fc3a713655801e8f54d	EPIC-2E-J-Phase-C-observation-qa-privacy.zip
ad2d751c3831f087d8a7cd9d249b134dc6b9a742ed14f89d301fc8c99eb6948d	EPIC-2E-J-C-F-mobile-containment-final.zip
bc4727e1c61442edc09e0fb78e8fb49ebfa3edfb98cc5fad67165eefe7d501f9	EPIC-2E-J-C-F2-root-cause-fixes-IN-PROGRESS.zip
0ff96c737889e432b1c6df251adcb0468093dedb2a92c31a6f9803fa4f41e645	EPIC-2E-J-C-F2-Step3-human-review-projection.zip
5e4795bc069bf13537417d58e6fc7ced395d7508355feff283a379d61dc6a25d	EPIC-2E-J-C-F2-Step3F-conservative-duplicate-precedence.zip
7b7eb610dec9e493d83bbd5fd0e68607952ab79af10d0ebe3bcb5e466b9fea71	EPIC-2E-J-C-F2-Step456-identity-preview-closeout.zip
eb896a05321a582a2bed13493d1b935b9a3cd80cc06a5fa39377c8277b4eb1c9	EPIC-2E-J-C-F2-Step456F-final-regression-lock.zip
be797deb49ca18c0e8735841aebc2c3d56e5b8869b9c1ea07e1f2762ac34b178	EPIC-2E-J-C-F2-Step7A-full-app-reachability.zip
fdac064312fe6c92a2e9a313cfab4aa4150813e8411b2a7ae067db734a3a7dfc	EPIC-2E-J-C-F2-Step7A-F1-live-evidence.zip
c27dc65415ddc62637baff9ebdf13b028cf3c881e5e4cf1f361dde38afafd2ba	EPIC-2E-J-C-F2-Step7A-F2-authoritative-sandbox-rebuild.zip
e9f6c44e6649aee8570fe7fdfaaa8e9c3bd55bc3efc8c364c0a9ebd79ec1b277	EPIC-2E-J-C-F2-Step7A-F2F-safe-failure-final.zip
edc3c1ff03db76363ec6e9b5522d8a76e3fccbad4a7126a01066af1ea92d4b73	EPIC-2E-J-C-F2-Step7A-F2G-canonical-safe-failure-lock.zip
f9e8409c02534398d6c6d9fd684b5eaca9f5ba725dd04e8d45c4698caad9ce82	EPIC-2E-J-C-F2-Step7A-F3-COMPLETE-PASS.zip
5cf0ac96438541c2ea81d9db733520fb7bad76899aa71eadfa874cfb7a6cd201	EPIC-2E-J-C-F2-Step7A-F3F-fail-closed-lock.zip
7cd3b4ab7aa97f61933c597b54d875456546f43e9f524abeb83585f210a81947	EPIC-2E-J-C-F2-Step7B-A-privacy-responsive-audit.zip
e2b323b7c52b51f6ad8c3647d87d0227cf6b433f9a3f714c3985485ab527497f	EPIC-2E-J-C-F2-Step7B-A-F-exact-instrumentation-lock.zip
982fb824fa643f9a415c608bae893f9e4d5bb980807d6d784741b521f3b80920	EPIC-2E-J-C-F2-Step7B-A-F2-final-lock.zip
0456bfb488a6dbc208d6ed44c4d28e45db8fe2a455132ad12f1296d006b24226	EPIC-2E-J-C-F2-Step7B-A-F3-FINAL-closeout.zip
5d1c860286464af8bd2cf7f746f0cdffd253df31106f41dbed05cc3354b0245e	EPIC-2E-J-Phase-C-FINAL-CLOSEOUT-Step7BB.zip
